"Date","Price","Open","High","Low","Vol.","Change %"
"06-09-2024","501.70","512.00","512.00","497.15","13.72M","-1.86%"
"05-09-2024","511.20","508.35","511.90","507.05","10.90M","0.96%"
"04-09-2024","506.35","500.00","510.05","499.95","8.41M","-0.60%"
"03-09-2024","509.40","510.05","515.95","507.90","12.02M","-0.13%"
"02-09-2024","510.05","504.00","512.90","503.30","15.89M","1.62%"
"30-08-2024","501.90","501.95","509.15","500.20","14.95M","-0.63%"
"29-08-2024","505.10","498.00","507.70","497.35","18.67M","1.57%"
"28-08-2024","497.30","500.40","502.30","496.50","7.78M","-0.66%"
"27-08-2024","500.60","507.55","507.60","500.00","7.95M","-1.01%"
"26-08-2024","505.70","506.00","508.00","502.00","7.83M","-0.02%"
"23-08-2024","505.80","505.05","506.95","499.95","7.89M","0.25%"
"22-08-2024","504.55","507.85","508.50","501.45","8.36M","-0.17%"
"21-08-2024","505.40","500.00","509.00","499.05","8.47M","1.32%"
"20-08-2024","498.80","501.00","503.40","497.70","6.63M","-0.53%"
"19-08-2024","501.45","504.75","509.30","499.60","10.20M","-0.24%"
"16-08-2024","502.65","494.50","504.20","492.65","13.14M","2.12%"
"14-08-2024","492.20","491.95","499.00","489.90","9.25M","0.45%"
"13-08-2024","490.00","495.95","497.85","488.25","7.76M","-0.93%"
"12-08-2024","494.60","492.00","500.00","492.00","9.08M","-0.26%"
"09-08-2024","495.90","498.00","498.00","493.10","9.20M","0.23%"
"08-08-2024","494.75","494.00","498.00","492.50","20.56M","0.43%"
"07-08-2024","492.65","490.00","495.60","488.10","10.90M","1.31%"
"06-08-2024","486.30","486.25","491.70","484.05","13.72M","0.06%"
"05-08-2024","486.00","480.05","491.90","479.55","24.09M","-0.63%"
"02-08-2024","489.10","484.80","499.45","484.80","21.32M","-0.93%"
"01-08-2024","493.70","495.95","496.75","490.95","11.67M","-0.33%"
"31-07-2024","495.35","492.45","497.95","490.50","11.54M","1.11%"
"30-07-2024","489.90","496.30","497.80","488.65","13.38M","-1.24%"
"29-07-2024","496.05","505.50","506.20","494.05","12.50M","-1.22%"
"26-07-2024","502.20","494.05","506.40","487.40","20.74M","2.50%"
"25-07-2024","489.95","490.00","496.00","484.65","17.88M","-0.83%"
"24-07-2024","494.05","496.00","510.65","490.65","42.07M","0.38%"
"23-07-2024","492.20","466.55","497.40","466.40","54.04M","5.50%"
"22-07-2024","466.55","474.60","479.45","465.85","18.07M","-1.69%"
"19-07-2024","474.55","471.00","479.40","469.40","24.98M","0.91%"
"18-07-2024","470.25","463.00","470.90","462.65","21.09M","1.01%"
"16-07-2024","465.55","463.45","466.75","461.40","13.00M","0.46%"
"15-07-2024","463.40","459.05","466.45","457.20","16.25M","0.95%"
"12-07-2024","459.05","458.65","463.25","455.85","18.96M","0.09%"
"11-07-2024","458.65","450.00","459.50","448.70","18.83M","1.59%"
"10-07-2024","451.45","453.70","455.35","446.50","11.62M","-0.25%"
"09-07-2024","452.60","447.60","455.00","444.00","26.47M","2.03%"
"08-07-2024","443.60","435.15","444.55","433.65","20.52M","2.29%"
"05-07-2024","433.65","429.00","434.00","427.60","12.93M","1.07%"
"04-07-2024","429.05","430.00","431.50","427.05","9.13M","0.18%"
"03-07-2024","428.30","426.10","429.65","425.50","7.16M","0.66%"
"02-07-2024","425.50","430.00","430.65","422.55","10.76M","-0.83%"
"01-07-2024","429.05","426.30","430.25","424.65","12.89M","0.98%"
"28-06-2024","424.90","425.50","428.00","423.50","17.87M","-0.16%"
"27-06-2024","425.60","423.95","427.25","421.10","37.01M","0.39%"
"26-06-2024","423.95","423.00","426.40","422.05","11.08M","0.15%"
"25-06-2024","423.30","423.00","424.00","419.75","10.26M","0.00%"
"24-06-2024","423.30","420.00","423.95","420.00","9.36M","0.88%"
"21-06-2024","419.60","425.00","425.30","418.55","25.21M","-0.87%"
"20-06-2024","423.30","424.05","426.50","421.50","14.59M","-0.08%"
"19-06-2024","423.65","430.00","430.75","423.05","10.91M","-1.19%"
"18-06-2024","428.75","433.00","434.20","428.20","14.10M","-0.56%"
"14-06-2024","431.15","431.00","431.90","429.05","9.22M","0.20%"
"13-06-2024","430.30","436.90","436.90","429.75","9.28M","-0.46%"
"12-06-2024","432.30","430.55","434.40","430.20","10.35M","-0.16%"
"11-06-2024","433.00","437.00","437.80","432.25","12.67M","-0.89%"
"10-06-2024","436.90","440.00","441.00","435.85","11.43M","-0.51%"
"07-06-2024","439.15","431.40","441.65","431.10","28.45M","0.86%"
"06-06-2024","435.40","436.00","437.70","431.10","31.12M","1.19%"
"05-06-2024","430.30","422.00","436.00","418.05","27.15M","3.64%"
"04-06-2024","415.20","426.00","426.30","402.85","46.02M","-3.52%"
"03-06-2024","430.35","434.00","434.90","428.65","15.52M","0.91%"
"31-05-2024","426.45","426.75","429.55","424.25","28.21M","0.61%"
"30-05-2024","423.85","428.50","430.95","422.35","20.52M","-1.65%"
"29-05-2024","430.95","425.50","432.40","425.50","10.43M","0.45%"
"28-05-2024","429.00","432.10","432.50","428.25","9.31M","-0.58%"
"27-05-2024","431.50","438.80","438.90","430.70","11.83M","-1.08%"
"24-05-2024","436.20","441.00","442.45","435.30","12.76M","-1.17%"
"23-05-2024","441.35","441.40","444.90","436.55","26.23M","0.33%"
"22-05-2024","439.90","437.35","441.95","435.40","10.63M","1.17%"
"21-05-2024","434.80","436.00","437.10","433.20","10.76M","-0.42%"
"18-05-2024","436.65","437.00","437.65","435.20","713.86K","0.08%"
"17-05-2024","436.30","432.40","437.50","428.90","11.45M","1.12%"
"16-05-2024","431.45","430.00","432.60","422.90","23.03M","0.85%"
"15-05-2024","427.80","430.75","433.25","426.75","7.57M","-0.44%"
"14-05-2024","429.70","430.50","433.30","428.55","11.00M","-0.50%"
"13-05-2024","431.85","433.25","435.45","429.50","7.30M","-0.35%"
"10-05-2024","433.35","426.50","436.35","426.50","13.99M","1.94%"
"09-05-2024","425.10","440.05","441.50","423.35","23.41M","-3.61%"
"08-05-2024","441.00","441.25","444.70","438.20","10.51M","0.15%"
"07-05-2024","440.35","436.90","446.00","435.20","25.97M","1.29%"
"06-05-2024","434.75","438.00","440.45","433.35","10.36M","-0.39%"
"03-05-2024","436.45","440.05","440.05","431.35","22.90M","-0.58%"
"02-05-2024","439.00","436.00","442.60","434.85","23.23M","0.77%"
"30-04-2024","435.65","439.95","440.50","435.10","12.06M","-0.58%"
"29-04-2024","438.20","442.00","442.45","434.60","11.63M","-0.41%"
"26-04-2024","440.00","439.25","443.30","436.40","14.77M","0.56%"
"25-04-2024","437.55","431.00","438.30","429.00","29.21M","2.02%"
"24-04-2024","428.90","429.25","430.80","428.30","5.85M","-0.07%"
"23-04-2024","429.20","425.30","430.50","425.10","12.02M","0.92%"
"22-04-2024","425.30","427.00","427.60","423.35","7.11M","0.13%"
"19-04-2024","424.75","418.00","426.25","416.00","16.58M","1.41%"
"18-04-2024","418.85","426.00","426.90","417.65","21.31M","-1.66%"
"16-04-2024","425.90","423.25","427.00","423.20","9.97M","0.00%"
"15-04-2024","425.90","428.00","429.15","422.90","8.75M","-0.98%"
"12-04-2024","430.10","435.00","435.75","428.30","18.09M","-1.57%"
"10-04-2024","436.95","428.30","437.80","425.75","14.01M","2.49%"
"09-04-2024","426.35","430.45","431.50","425.55","6.71M","-0.64%"
"08-04-2024","429.10","428.30","431.40","427.75","8.52M","0.36%"
"05-04-2024","427.55","422.50","431.70","419.95","16.15M","1.14%"
"04-04-2024","422.75","425.55","427.35","419.90","18.36M","-0.58%"
"03-04-2024","425.20","426.00","428.80","421.00","12.66M","-0.15%"
"02-04-2024","425.85","428.70","428.70","424.60","8.85M","-0.20%"
"01-04-2024","426.70","429.10","431.35","425.75","9.38M","-0.39%"
"28-03-2024","428.35","428.00","433.25","427.00","27.93M","0.08%"
"27-03-2024","428.00","427.00","428.90","426.45","12.23M","0.08%"
"26-03-2024","427.65","425.55","429.20","425.55","10.27M","-0.22%"
"22-03-2024","428.60","421.25","429.65","421.25","38.86M","1.74%"
"21-03-2024","421.25","419.00","422.00","416.20","19.23M","1.34%"
"20-03-2024","415.70","410.00","416.65","409.55","19.61M","1.50%"
"19-03-2024","409.55","418.00","419.55","408.70","20.99M","-1.89%"
"18-03-2024","417.45","419.00","420.70","416.90","15.93M","-0.39%"
"15-03-2024","419.10","417.20","428.55","415.25","73.25M","-0.13%"
"14-03-2024","419.65","421.95","425.50","418.00","30.76M","-0.66%"
"13-03-2024","422.45","435.00","438.00","421.15","101.61M","4.45%"
"12-03-2024","404.45","406.50","406.50","399.35","34.88M","-1.21%"
"11-03-2024","409.40","416.80","418.30","408.00","17.62M","-1.00%"
"07-03-2024","413.55","407.85","414.95","403.65","23.02M","1.40%"
"06-03-2024","407.85","406.50","409.95","400.70","11.11M","0.42%"
"05-03-2024","406.15","409.65","411.40","403.95","9.73M","-0.72%"
"04-03-2024","409.10","412.25","412.95","408.45","6.84M","-0.72%"
"02-03-2024","412.05","410.40","412.80","410.40","974.82K","0.62%"
"01-03-2024","409.50","408.90","413.15","407.50","12.40M","0.79%"
"29-02-2024","406.30","409.00","411.05","404.50","14.90M","-0.49%"
"28-02-2024","408.30","411.15","412.35","406.80","8.62M","-0.69%"
"27-02-2024","411.15","410.00","412.75","408.55","7.78M","0.48%"
"26-02-2024","409.20","411.10","413.05","407.30","7.98M","-0.53%"
"23-02-2024","411.40","415.90","415.90","410.50","11.15M","-0.74%"
"22-02-2024","414.45","406.90","415.15","403.45","18.60M","2.75%"
"21-02-2024","403.35","407.00","410.10","401.30","19.41M","-0.68%"
"20-02-2024","406.10","410.45","410.45","404.30","14.08M","-0.77%"
"19-02-2024","409.25","405.00","412.75","404.60","16.95M","1.15%"
"16-02-2024","404.60","405.00","409.55","399.40","37.52M","0.17%"
"15-02-2024","403.90","413.00","414.55","403.15","20.38M","-1.86%"
"14-02-2024","411.55","406.00","412.25","404.40","12.15M","1.18%"
"13-02-2024","406.75","406.90","410.80","403.30","15.61M","-0.02%"
"12-02-2024","406.85","417.55","418.00","406.05","10.91M","-2.08%"
"09-02-2024","415.50","410.10","424.20","408.60","32.28M","0.23%"
"08-02-2024","414.55","429.00","429.10","408.60","48.18M","-3.99%"
"07-02-2024","431.80","435.00","435.00","430.80","12.88M","0.09%"
"06-02-2024","431.40","440.00","440.90","429.50","18.76M","-1.52%"
"05-02-2024","438.05","442.00","443.65","436.55","12.04M","-0.47%"
"02-02-2024","440.10","445.00","447.20","439.50","17.16M","-0.63%"
"01-02-2024","442.90","442.00","447.75","439.30","19.17M","0.31%"
"31-01-2024","441.55","440.00","442.50","438.70","19.88M","0.80%"
"30-01-2024","438.05","447.00","453.70","437.40","43.51M","-2.61%"
"29-01-2024","449.80","455.90","457.25","447.50","17.87M","-1.28%"
"25-01-2024","455.65","463.55","464.95","452.10","19.68M","-1.71%"
"24-01-2024","463.60","460.10","467.40","458.10","21.63M","0.94%"
"23-01-2024","459.30","473.75","473.75","456.40","8.40M","-1.94%"
"20-01-2024","468.40","473.40","475.00","468.00","3.30M","-0.66%"
"19-01-2024","471.50","468.55","473.00","466.40","12.20M","1.29%"
"18-01-2024","465.50","465.25","467.85","454.55","9.14M","-0.24%"
"17-01-2024","466.60","471.40","477.00","465.20","11.11M","-1.21%"
"16-01-2024","472.30","467.80","475.00","464.25","12.07M","1.01%"
"15-01-2024","467.60","470.00","470.50","466.10","6.90M","0.19%"
"12-01-2024","466.70","463.25","467.70","460.35","9.35M","0.88%"
"11-01-2024","462.65","464.10","466.55","461.10","6.53M","-0.14%"
"10-01-2024","463.30","464.55","466.75","460.05","5.90M","-0.27%"
"09-01-2024","464.55","467.50","469.95","463.65","5.70M","-0.20%"
"08-01-2024","465.50","475.00","475.50","464.55","8.00M","-1.78%"
"05-01-2024","473.95","479.40","479.40","472.00","9.21M","-0.51%"
"04-01-2024","476.40","480.00","481.45","474.20","11.79M","-0.18%"
"03-01-2024","477.25","470.25","480.70","469.35","24.04M","1.47%"
"02-01-2024","470.35","470.00","471.35","463.60","10.52M","0.49%"
"01-01-2024","468.05","463.50","469.95","462.65","9.35M","1.29%"
"29-12-2023","462.10","464.10","467.90","461.35","12.89M","-0.43%"
"28-12-2023","464.10","457.20","464.70","456.10","20.70M","1.53%"
"27-12-2023","457.10","457.00","458.50","453.75","7.54M","0.14%"
"26-12-2023","456.45","456.05","458.90","454.70","5.87M","0.27%"
"22-12-2023","455.20","453.00","455.90","450.55","11.03M","0.83%"
"21-12-2023","451.45","449.00","453.75","444.45","11.15M","0.10%"
"20-12-2023","451.00","459.00","459.25","449.30","10.37M","-1.12%"
"19-12-2023","456.10","453.35","458.00","452.05","10.27M","0.99%"
"18-12-2023","451.65","455.00","456.00","450.35","12.03M","-1.43%"
"15-12-2023","458.20","461.90","462.95","455.00","15.79M","-0.41%"
"14-12-2023","460.10","460.00","461.00","449.45","14.37M","0.98%"
"13-12-2023","455.65","456.30","458.85","453.10","11.28M","0.56%"
"12-12-2023","453.10","454.20","460.00","452.35","10.16M","0.14%"
"11-12-2023","452.45","451.50","453.60","449.30","6.60M","0.73%"
"08-12-2023","449.15","459.95","461.60","448.50","18.67M","-1.95%"
"07-12-2023","458.10","464.75","464.80","457.40","11.31M","-1.11%"
"06-12-2023","463.25","453.90","464.50","452.10","20.42M","2.55%"
"05-12-2023","451.75","455.00","457.80","450.10","12.14M","-0.51%"
"04-12-2023","454.05","455.00","456.40","451.00","12.80M","0.94%"
"01-12-2023","449.80","437.90","450.95","437.40","19.34M","3.21%"
"30-11-2023","435.80","436.70","438.45","434.50","15.13M","-0.32%"
"29-11-2023","437.20","436.00","438.50","434.15","13.79M","0.45%"
"28-11-2023","435.25","438.00","439.00","434.90","8.75M","-0.58%"
"24-11-2023","437.80","441.00","442.25","436.85","6.82M","-0.58%"
"23-11-2023","440.35","440.95","442.25","438.25","6.37M","0.15%"
"22-11-2023","439.70","437.00","440.40","434.80","4.89M","0.79%"
"21-11-2023","436.25","437.15","439.30","435.50","6.00M","-0.13%"
"20-11-2023","436.80","439.85","440.30","434.50","4.34M","-0.56%"
"17-11-2023","439.25","439.25","441.50","438.30","6.66M","0.14%"
"16-11-2023","438.65","441.95","444.50","437.60","10.86M","-0.75%"
"15-11-2023","441.95","438.10","442.50","437.50","7.44M","1.36%"
"13-11-2023","436.00","438.40","438.40","435.00","3.74M","-0.56%"
"12-11-2023","438.45","438.85","439.20","438.15","1.18M","0.44%"
"10-11-2023","436.55","434.40","438.00","432.50","4.08M","0.49%"
"09-11-2023","434.40","437.80","438.00","433.90","7.79M","-0.58%"
"08-11-2023","436.95","433.15","437.50","432.30","6.98M","0.98%"
"07-11-2023","432.70","434.90","434.90","432.15","5.12M","-0.61%"
"06-11-2023","435.35","433.50","436.80","432.55","7.31M","0.48%"
"03-11-2023","433.25","432.80","434.40","431.10","13.80M","0.49%"
"02-11-2023","431.15","430.05","432.70","428.65","8.15M","0.71%"
"01-11-2023","428.10","430.00","431.10","425.50","7.99M","-0.07%"
"31-10-2023","428.40","430.00","433.35","427.90","8.62M","-0.48%"
"30-10-2023","430.45","434.55","437.15","428.35","7.62M","-0.76%"
"27-10-2023","433.75","434.35","436.80","432.20","13.13M","-0.14%"
"26-10-2023","434.35","429.55","436.60","429.55","18.80M","0.38%"
"25-10-2023","432.70","436.90","438.00","427.05","10.89M","-0.73%"
"23-10-2023","435.90","438.00","439.95","433.10","7.28M","-0.55%"
"20-10-2023","438.30","445.00","449.00","437.35","13.02M","-2.69%"
"19-10-2023","450.40","449.75","454.90","446.85","9.47M","-0.28%"
"18-10-2023","451.65","454.25","458.20","451.00","6.89M","-0.40%"
"17-10-2023","453.45","449.80","454.50","449.00","6.94M","1.00%"
"16-10-2023","448.95","448.00","451.00","446.20","4.21M","0.13%"
"13-10-2023","448.35","449.85","451.80","447.00","7.63M","-0.52%"
"12-10-2023","450.70","449.65","452.50","446.15","11.77M","0.55%"
"11-10-2023","448.25","447.20","449.45","444.80","7.65M","0.87%"
"10-10-2023","444.40","440.45","444.85","440.45","5.01M","0.90%"
"09-10-2023","440.45","440.95","443.20","437.25","5.61M","-0.38%"
"06-10-2023","442.15","437.85","443.60","436.65","8.42M","1.40%"
"05-10-2023","436.05","440.00","440.50","435.05","10.03M","-0.01%"
"04-10-2023","436.10","439.75","441.70","433.30","13.40M","-0.83%"
"03-10-2023","439.75","441.00","442.90","439.25","7.48M","-1.05%"
"29-09-2023","444.40","442.00","445.60","439.20","8.16M","0.83%"
"28-09-2023","440.75","449.95","449.95","439.60","10.22M","-1.87%"
"27-09-2023","449.15","442.45","449.80","438.80","10.49M","1.51%"
"26-09-2023","442.45","443.60","444.50","439.70","5.33M","-0.03%"
"25-09-2023","442.60","443.10","444.80","438.35","5.78M","-0.11%"
"22-09-2023","443.10","447.50","448.40","442.25","7.51M","-0.98%"
"21-09-2023","447.50","452.80","453.55","444.50","10.72M","-1.20%"
"20-09-2023","452.95","451.70","455.10","449.55","9.96M","0.20%"
"18-09-2023","452.05","448.35","454.00","446.20","8.20M","0.83%"
"15-09-2023","448.35","448.05","452.10","447.00","15.08M","-0.36%"
"14-09-2023","449.95","455.90","455.90","447.15","14.43M","-0.78%"
"13-09-2023","453.50","452.20","457.00","451.10","11.81M","0.52%"
"12-09-2023","451.15","448.90","454.30","445.60","14.41M","0.88%"
"11-09-2023","447.20","446.00","448.10","442.65","9.32M","1.03%"
"08-09-2023","442.65","447.90","447.90","441.85","9.94M","-0.73%"
"07-09-2023","445.90","448.80","449.00","444.60","8.09M","-0.35%"
"06-09-2023","447.45","443.95","448.50","442.00","12.86M","0.98%"
"05-09-2023","443.10","438.90","444.50","438.50","8.38M","1.28%"
"04-09-2023","437.50","443.35","443.35","436.65","13.60M","-0.80%"
"01-09-2023","441.05","440.00","445.00","438.30","11.44M","0.31%"
"31-08-2023","439.70","443.00","444.90","436.10","19.90M","-0.70%"
"30-08-2023","442.80","441.00","444.00","440.50","7.36M","0.61%"
"29-08-2023","440.10","442.95","444.00","439.20","9.48M","-0.29%"
"28-08-2023","441.40","445.00","446.85","441.00","6.91M","-0.44%"
"25-08-2023","443.35","450.90","451.00","442.05","9.27M","-1.67%"
"24-08-2023","450.90","450.60","453.50","449.30","6.09M","0.10%"
"23-08-2023","450.45","455.60","455.65","448.60","8.45M","-0.84%"
"22-08-2023","454.25","449.00","455.15","447.00","9.85M","1.44%"
"21-08-2023","447.80","442.00","448.50","441.35","9.57M","1.39%"
"18-08-2023","441.65","441.00","443.35","438.50","19.32M","0.15%"
"17-08-2023","441.00","450.00","450.00","440.00","16.27M","-2.05%"
"16-08-2023","450.25","451.00","457.40","448.20","14.92M","0.23%"
"14-08-2023","449.20","448.75","451.25","445.05","7.56M","0.10%"
"11-08-2023","448.75","453.90","453.90","444.75","11.58M","-0.66%"
"10-08-2023","451.75","458.90","459.30","449.00","13.19M","-1.50%"
"09-08-2023","458.65","452.35","459.90","446.90","9.76M","1.39%"
"08-08-2023","452.35","457.00","457.00","451.05","6.39M","-0.56%"
"07-08-2023","454.90","454.10","456.55","450.95","9.16M","-0.01%"
"04-08-2023","454.95","456.30","461.40","454.25","6.83M","-0.24%"
"03-08-2023","456.05","460.10","463.75","454.30","10.62M","-0.88%"
"02-08-2023","460.10","464.60","464.80","458.00","10.32M","-1.01%"
"01-08-2023","464.80","466.00","468.85","463.80","6.44M","-0.19%"
"31-07-2023","465.70","469.00","469.70","463.50","8.19M","-0.59%"
"28-07-2023","468.45","467.70","469.45","463.40","9.98M","0.73%"
"27-07-2023","465.05","474.40","475.15","461.10","13.99M","-1.52%"
"26-07-2023","472.25","464.90","473.00","462.05","18.14M","2.15%"
"25-07-2023","462.30","467.90","468.50","455.40","43.53M","-1.92%"
"24-07-2023","471.35","493.45","499.70","468.15","38.98M","-3.89%"
"21-07-2023","490.45","491.80","497.70","487.00","13.97M","-0.35%"
"20-07-2023","492.15","479.90","493.70","476.30","20.25M","2.78%"
"19-07-2023","478.85","472.75","480.45","468.10","13.87M","1.34%"
"18-07-2023","472.50","472.55","474.20","471.00","5.35M","0.03%"
"17-07-2023","472.35","474.50","475.80","470.60","6.09M","-0.12%"
"14-07-2023","472.90","473.00","475.00","471.35","5.08M","0.19%"
"13-07-2023","472.00","473.90","476.75","471.00","7.91M","-0.06%"
"12-07-2023","472.30","477.75","477.75","470.45","12.34M","-0.18%"
"11-07-2023","473.15","466.00","474.55","466.00","8.46M","1.57%"
"10-07-2023","465.85","470.00","470.90","463.70","6.52M","-0.54%"
"07-07-2023","468.40","473.00","475.50","467.60","7.32M","-1.16%"
"06-07-2023","473.90","477.35","477.40","470.50","9.47M","-0.25%"
"05-07-2023","475.10","466.35","480.65","464.30","16.25M","1.88%"
"04-07-2023","466.35","465.00","468.00","459.80","7.73M","0.67%"
"03-07-2023","463.25","451.60","465.95","450.05","10.70M","2.58%"
"30-06-2023","451.60","450.00","451.95","446.60","9.11M","0.50%"
"28-06-2023","449.35","445.00","450.60","444.50","12.08M","0.95%"
"27-06-2023","445.10","446.10","447.20","443.15","4.87M","-0.13%"
"26-06-2023","445.70","446.90","451.40","444.00","5.48M","0.21%"
"23-06-2023","444.75","447.50","447.65","442.70","6.09M","-0.65%"
"22-06-2023","447.65","448.00","449.65","445.85","6.64M","0.13%"
"21-06-2023","447.05","452.00","454.20","445.05","6.06M","-1.28%"
"20-06-2023","452.85","454.80","454.80","450.15","4.47M","-0.17%"
"19-06-2023","453.60","454.75","455.90","452.25","4.19M","0.11%"
"16-06-2023","453.10","449.00","455.60","447.90","11.73M","1.12%"
"15-06-2023","448.10","445.00","448.75","444.75","7.50M","0.81%"
"14-06-2023","444.50","446.25","447.75","443.75","8.70M","-0.20%"
"13-06-2023","445.40","441.00","446.40","438.30","16.11M","1.93%"
"12-06-2023","436.95","440.00","440.95","433.85","8.72M","-0.34%"
"09-06-2023","438.45","435.15","444.70","435.15","7.06M","-1.00%"
"08-06-2023","442.90","445.70","445.75","441.90","7.02M","-0.24%"
"07-06-2023","443.95","444.00","445.65","442.75","7.54M","0.26%"
"06-06-2023","442.80","440.80","443.60","440.40","6.45M","0.49%"
"05-06-2023","440.65","445.00","446.85","440.10","7.15M","-0.62%"
"02-06-2023","443.40","440.00","444.90","439.80","9.20M","0.84%"
"01-06-2023","439.70","447.00","447.00","439.00","8.80M","-1.30%"
"31-05-2023","445.50","449.30","452.00","442.45","14.27M","-0.98%"
"30-05-2023","449.90","441.00","451.45","441.00","18.90M","0.80%"
"29-05-2023","446.35","442.27","449.03","441.38","19.83M","1.24%"
"26-05-2023","440.88","440.68","442.03","436.81","13.00M","0.56%"
"25-05-2023","438.45","434.27","439.74","432.14","18.20M","1.76%"
"24-05-2023","430.85","425.68","432.09","424.39","11.48M","1.01%"
"23-05-2023","426.52","423.39","428.56","421.60","8.73M","1.04%"
"22-05-2023","422.15","419.37","423.14","416.53","15.42M","1.17%"
"19-05-2023","417.28","418.37","420.51","408.83","25.77M","0.04%"
"18-05-2023","417.13","427.37","429.80","415.54","24.00M","-1.85%"
"17-05-2023","424.98","421.55","426.32","420.01","9.48M","0.86%"
"16-05-2023","421.35","427.37","427.37","420.91","7.99M","-0.90%"
"15-05-2023","425.18","417.43","426.08","416.48","9.15M","1.75%"
"12-05-2023","417.88","417.83","420.11","413.50","11.14M","0.01%"
"11-05-2023","417.83","424.63","424.78","416.33","15.98M","-1.16%"
"10-05-2023","422.75","421.35","423.74","419.61","9.75M","0.37%"
"09-05-2023","421.20","430.15","430.50","418.92","9.99M","-1.77%"
"08-05-2023","428.81","428.36","430.80","426.72","7.24M","0.63%"
"05-05-2023","426.13","423.34","429.26","421.75","12.41M","0.98%"
"04-05-2023","422.00","422.70","424.39","421.40","7.98M","-0.60%"
"03-05-2023","424.54","421.40","425.88","419.47","7.33M","0.64%"
"02-05-2023","421.85","423.39","424.39","418.62","10.25M","-0.26%"
"28-04-2023","422.94","415.44","425.63","411.17","12.72M","2.30%"
"27-04-2023","413.45","409.68","414.84","408.48","12.61M","0.91%"
"26-04-2023","409.73","409.48","410.47","406.55","7.62M","0.17%"
"25-04-2023","409.03","406.20","411.02","404.90","8.84M","0.70%"
"24-04-2023","406.20","407.49","407.49","401.73","5.98M","0.11%"
"21-04-2023","405.75","397.85","406.50","396.61","14.25M","1.99%"
"20-04-2023","397.85","397.55","400.18","395.27","6.67M","0.39%"
"19-04-2023","396.31","393.63","398.89","393.58","9.74M","0.06%"
"18-04-2023","396.06","397.55","399.54","394.57","9.49M","-0.41%"
"17-04-2023","397.70","390.49","399.54","390.49","11.04M","1.15%"
"13-04-2023","393.18","393.08","394.17","391.29","6.06M","0.52%"
"12-04-2023","391.14","395.32","395.36","389.70","9.75M","-0.62%"
"11-04-2023","393.58","386.17","395.66","385.62","18.24M","1.92%"
"10-04-2023","386.17","384.98","387.61","382.39","6.78M","0.31%"
"06-04-2023","384.98","384.28","387.91","381.85","12.90M","0.25%"
"05-04-2023","384.03","376.58","384.68","376.58","11.61M","1.98%"
"03-04-2023","376.58","381.65","381.65","376.18","7.06M","-1.20%"
"31-03-2023","381.15","379.66","382.15","377.67","9.51M","0.20%"
"29-03-2023","380.41","377.87","381.65","374.84","10.16M","0.79%"
"28-03-2023","377.42","377.87","380.01","375.83","9.17M","-0.12%"
"27-03-2023","377.87","375.64","382.05","374.05","10.82M","0.40%"
"24-03-2023","376.38","379.16","380.65","375.69","9.93M","-0.51%"
"23-03-2023","378.32","374.69","380.41","372.11","9.75M","0.77%"
"22-03-2023","375.44","374.64","376.53","371.91","4.77M","0.21%"
"21-03-2023","374.64","376.48","376.48","371.76","11.61M","-0.49%"
"20-03-2023","376.48","371.01","377.03","369.72","10.12M","0.87%"
"17-03-2023","373.25","382.64","382.64","367.39","48.90M","-1.55%"
"16-03-2023","379.11","378.27","380.01","374.54","15.71M","0.54%"
"15-03-2023","377.08","378.67","381.95","375.69","8.42M","-0.08%"
"14-03-2023","377.38","383.34","384.08","374.89","10.23M","-1.03%"
"13-03-2023","381.30","386.82","388.51","380.16","8.79M","-1.12%"
"10-03-2023","385.62","384.58","387.81","381.15","8.36M","0.13%"
"09-03-2023","385.13","389.70","391.19","383.29","9.63M","-1.25%"
"08-03-2023","390.00","385.62","390.74","382.74","8.92M","1.09%"
"06-03-2023","385.77","383.54","390.10","382.89","10.71M","0.83%"
"03-03-2023","382.59","374.69","383.04","373.80","8.18M","2.50%"
"02-03-2023","373.25","377.18","377.42","372.41","5.02M","-0.83%"
"01-03-2023","376.38","371.96","378.07","371.31","7.77M","0.53%"
"28-02-2023","374.39","380.16","381.90","372.70","16.37M","-1.44%"
"27-02-2023","379.86","382.74","384.43","375.79","8.14M","-0.75%"
"24-02-2023","382.74","386.62","386.62","378.67","12.91M","-0.65%"
"23-02-2023","385.23","382.10","391.59","380.75","18.83M","0.98%"
"22-02-2023","381.50","379.66","382.54","377.67","8.96M","0.42%"
"21-02-2023","379.91","382.64","383.54","379.36","8.26M","-0.47%"
"20-02-2023","381.70","382.34","385.13","378.96","7.80M","0.17%"
"17-02-2023","381.05","378.72","382.20","376.93","7.67M","0.22%"
"16-02-2023","380.21","379.66","382.89","378.67","9.78M","0.09%"
"15-02-2023","379.86","379.41","380.51","376.23","12.21M","-1.10%"
"14-02-2023","384.08","372.70","385.28","371.46","29.13M","3.27%"
"13-02-2023","371.91","370.72","372.85","367.73","9.90M","0.77%"
"10-02-2023","369.08","369.92","374.64","368.03","10.28M","-0.77%"
"09-02-2023","371.96","371.71","377.67","369.87","11.86M","-0.35%"
"08-02-2023","373.25","372.45","374.99","369.27","10.42M","0.62%"
"07-02-2023","370.96","381.55","381.55","366.19","20.64M","-2.65%"
"06-02-2023","381.05","380.16","385.82","377.28","25.79M","0.72%"
"03-02-2023","378.32","379.56","379.91","369.72","22.30M","0.54%"
"02-02-2023","376.28","359.39","382.34","358.19","55.75M","4.76%"
"01-02-2023","359.19","350.84","363.46","327.08","64.52M","2.57%"
"31-01-2023","350.19","343.88","352.83","338.96","17.13M","2.19%"
"30-01-2023","342.69","344.78","349.60","339.76","14.09M","-0.35%"
"27-01-2023","343.88","339.71","346.71","339.41","21.04M","1.99%"
"25-01-2023","337.17","336.83","338.91","333.20","12.50M","0.09%"
"24-01-2023","336.88","335.73","338.66","335.53","12.30M","0.36%"
"23-01-2023","335.68","333.94","336.08","331.01","7.12M","0.94%"
"20-01-2023","332.55","329.97","333.15","327.23","13.10M","0.74%"
"19-01-2023","330.12","331.95","333.60","329.62","8.35M","-0.75%"
"18-01-2023","332.60","331.95","334.49","330.36","12.56M","0.72%"
"17-01-2023","330.22","328.18","331.46","327.08","13.71M","0.62%"
"16-01-2023","328.18","328.33","330.17","325.54","8.25M","0.44%"
"13-01-2023","326.74","327.83","330.22","324.40","14.41M","-0.33%"
"12-01-2023","327.83","331.36","331.56","326.09","6.64M","-0.59%"
"11-01-2023","329.77","333.05","333.05","329.27","4.58M","-0.48%"
"10-01-2023","331.36","335.83","336.33","330.51","6.95M","-1.38%"
"09-01-2023","335.98","334.89","339.21","334.09","10.62M","0.90%"
"06-01-2023","333.00","332.65","335.48","331.06","8.28M","0.48%"
"05-01-2023","331.41","326.64","331.86","326.19","8.17M","1.97%"
"04-01-2023","325.00","329.82","330.46","324.00","6.69M","-1.24%"
"03-01-2023","329.07","329.47","331.31","328.23","6.00M","-0.53%"
"02-01-2023","330.81","328.87","331.95","327.63","5.95M","0.39%"
"30-12-2022","329.52","333.35","334.69","328.48","6.96M","-1.13%"
"29-12-2022","333.30","332.30","333.69","329.52","8.11M","0.28%"
"28-12-2022","332.35","330.81","332.95","329.47","7.74M","0.38%"
"27-12-2022","331.11","333.55","334.34","328.13","6.73M","-0.43%"
"26-12-2022","332.55","324.50","333.05","323.51","9.57M","2.42%"
"23-12-2022","324.70","328.87","329.87","323.36","10.07M","-1.73%"
"22-12-2022","330.41","333.60","335.33","327.88","6.58M","-0.81%"
"21-12-2022","333.10","338.91","339.16","332.45","7.05M","-1.47%"
"20-12-2022","338.07","337.97","338.86","334.69","5.48M","-0.10%"
"19-12-2022","338.42","334.74","340.25","333.30","7.81M","1.61%"
"16-12-2022","333.05","335.43","336.83","329.27","12.43M","-1.11%"
"15-12-2022","336.77","342.64","343.98","335.93","8.15M","-1.90%"
"14-12-2022","343.29","343.88","345.22","341.64","7.38M","-0.06%"
"13-12-2022","343.48","342.39","343.88","340.30","10.69M","0.70%"
"12-12-2022","341.10","338.91","341.89","338.02","11.21M","0.53%"
"09-12-2022","339.31","337.67","340.40","335.93","8.13M","0.89%"
"08-12-2022","336.33","338.12","340.05","335.43","6.20M","-0.50%"
"07-12-2022","338.02","336.43","339.41","334.59","9.81M","0.83%"
"06-12-2022","335.23","332.05","336.13","332.05","6.33M","0.16%"
"05-12-2022","334.69","335.58","336.77","332.10","9.72M","-0.12%"
"02-12-2022","335.09","337.27","338.71","334.69","8.39M","-0.71%"
"01-12-2022","337.47","339.61","339.61","334.74","16.63M","-0.13%"
"30-11-2022","337.92","339.16","342.04","336.92","22.56M","-0.67%"
"29-11-2022","340.20","337.92","342.89","337.92","10.19M","0.66%"
"28-11-2022","337.97","337.92","339.66","336.68","9.90M","-0.07%"
"25-11-2022","338.22","338.91","339.81","335.73","6.93M","-0.13%"
"24-11-2022","338.66","337.72","340.40","335.48","8.14M","0.28%"
"23-11-2022","337.72","339.91","339.91","335.43","7.77M","-0.13%"
"22-11-2022","338.17","334.94","338.91","333.64","6.50M","0.90%"
"21-11-2022","335.14","337.02","337.92","332.35","9.20M","-1.13%"
"18-11-2022","338.96","341.60","342.64","337.72","7.84M","-0.77%"
"17-11-2022","341.60","341.99","345.32","340.50","9.99M","-0.12%"
"16-11-2022","341.99","343.58","344.73","339.56","7.60M","-0.33%"
"15-11-2022","343.14","346.81","346.81","337.07","15.45M","-0.56%"
"14-11-2022","345.07","354.17","354.76","344.48","17.64M","-2.57%"
"11-11-2022","354.17","357.80","358.74","352.48","10.95M","0.10%"
"10-11-2022","353.82","356.80","357.70","351.93","19.33M","-1.30%"
"09-11-2022","358.49","351.34","359.24","351.04","20.61M","2.04%"
"07-11-2022","351.34","352.83","354.17","347.86","10.05M","-0.03%"
"04-11-2022","351.43","351.83","353.82","350.34","8.39M","-0.03%"
"03-11-2022","351.53","351.83","356.30","350.84","10.74M","-0.27%"
"02-11-2022","352.48","346.37","354.07","346.37","16.78M","1.47%"
"01-11-2022","347.36","347.11","348.35","345.07","19.67M","0.23%"
"31-10-2022","346.57","345.87","348.35","342.64","13.83M","0.84%"
"28-10-2022","343.68","345.42","346.47","342.99","13.07M","0.00%"
"27-10-2022","343.68","344.53","346.22","341.74","18.56M","-0.14%"
"25-10-2022","344.18","347.31","347.36","341.55","17.24M","-0.40%"
"24-10-2022","345.57","346.81","347.56","344.88","3.17M","0.61%"
"21-10-2022","343.48","351.04","351.04","342.39","27.37M","-1.17%"
"20-10-2022","347.56","344.88","348.80","342.69","18.47M","0.97%"
"19-10-2022","344.23","341.00","345.32","337.72","16.30M","1.78%"
"18-10-2022","338.22","331.90","338.91","331.51","20.89M","2.42%"
"17-10-2022","330.22","329.07","332.70","327.58","6.93M","0.05%"
"14-10-2022","330.07","330.27","331.86","328.82","6.42M","1.05%"
"13-10-2022","326.64","327.93","329.27","325.99","7.27M","-0.44%"
"12-10-2022","328.08","325.94","329.42","322.76","10.34M","1.16%"
"11-10-2022","324.30","326.99","328.43","323.11","10.61M","-0.47%"
"10-10-2022","325.84","327.98","329.42","324.05","9.39M","-1.87%"
"07-10-2022","332.05","334.74","334.79","329.27","10.51M","-0.76%"
"06-10-2022","334.59","332.95","337.22","330.51","22.24M","1.14%"
"04-10-2022","330.81","326.69","331.95","325.99","8.80M","2.60%"
"03-10-2022","322.41","330.86","330.96","321.27","9.11M","-2.35%"
"30-09-2022","330.17","331.01","333.69","328.13","12.43M","-0.26%"
"29-09-2022","331.01","326.99","332.85","325.74","18.28M","2.49%"
"28-09-2022","322.96","329.92","331.26","322.31","15.55M","-2.96%"
"27-09-2022","332.80","332.95","337.47","331.95","9.99M","0.68%"
"26-09-2022","330.56","342.74","343.83","329.72","16.21M","-3.98%"
"23-09-2022","344.28","345.37","347.41","341.20","22.84M","0.39%"
"22-09-2022","342.94","338.91","346.61","338.81","24.18M","1.20%"
"21-09-2022","338.86","333.94","343.09","333.45","20.99M","1.47%"
"20-09-2022","333.94","336.68","337.52","332.95","9.53M","0.12%"
"19-09-2022","333.55","327.08","334.84","327.08","14.37M","1.30%"
"16-09-2022","329.27","330.32","332.55","327.68","12.49M","-0.84%"
"15-09-2022","332.05","334.34","334.99","330.86","8.42M","-0.37%"
"14-09-2022","333.30","328.97","336.92","328.92","12.27M","0.28%"
"13-09-2022","332.35","329.67","332.95","328.58","10.52M","1.06%"
"12-09-2022","328.87","329.97","330.36","327.98","8.71M","0.12%"
"09-09-2022","328.48","328.58","331.26","327.98","9.41M","0.18%"
"08-09-2022","327.88","326.99","328.58","325.49","10.91M","1.17%"
"07-09-2022","324.10","324.00","326.29","323.26","8.09M","-0.32%"
"06-09-2022","325.15","327.98","327.98","324.40","11.97M","-0.52%"
"05-09-2022","326.84","323.01","327.58","321.77","17.47M","1.76%"
"02-09-2022","321.17","316.75","322.27","316.10","25.76M","1.75%"
"01-09-2022","315.65","317.54","319.93","314.07","13.25M","-0.91%"
"30-08-2022","318.54","312.33","319.43","312.33","17.83M","2.22%"
"29-08-2022","311.63","308.10","313.02","306.96","11.36M","0.21%"
"26-08-2022","310.98","312.82","313.47","310.09","6.96M","0.18%"
"25-08-2022","310.44","313.52","314.46","309.69","7.76M","-0.56%"
"24-08-2022","312.18","313.82","317.49","311.13","11.35M","-0.57%"
"23-08-2022","313.97","311.03","314.07","310.19","9.34M","0.48%"
"22-08-2022","312.48","309.30","315.06","309.10","11.36M","0.77%"
"19-08-2022","310.09","314.21","314.21","309.30","10.42M","-1.16%"
"18-08-2022","313.72","311.08","314.07","310.69","9.88M","0.99%"
"17-08-2022","310.64","309.79","311.33","309.10","7.98M","0.64%"
"16-08-2022","308.65","306.66","309.59","306.66","8.61M","0.65%"
"12-08-2022","306.66","304.38","307.51","302.64","6.42M","0.75%"
"11-08-2022","304.38","311.08","311.53","303.43","10.89M","-1.59%"
"10-08-2022","309.30","311.23","312.18","308.85","8.92M","-0.62%"
"08-08-2022","311.23","309.05","312.03","308.15","8.31M","0.74%"
"05-08-2022","308.95","307.61","309.89","307.21","10.09M","0.44%"
"04-08-2022","307.61","306.11","308.45","305.27","15.90M","0.44%"
"03-08-2022","306.26","309.00","309.00","301.79","17.70M","-0.58%"
"02-08-2022","308.05","308.10","314.71","306.31","38.98M","0.80%"
"01-08-2022","305.62","302.14","306.91","301.24","15.89M","1.47%"
"29-07-2022","301.19","303.13","304.03","299.51","16.93M","-0.13%"
"28-07-2022","301.59","303.03","303.33","300.55","10.84M","-0.23%"
"27-07-2022","302.29","301.00","303.13","298.76","9.35M","0.56%"
"26-07-2022","300.60","299.16","301.89","298.61","9.74M","0.45%"
"25-07-2022","299.26","297.17","301.10","296.97","10.64M","0.18%"
"22-07-2022","298.71","298.16","300.65","296.27","9.97M","0.33%"
"21-07-2022","297.72","297.17","300.35","296.17","16.04M","0.45%"
"20-07-2022","296.37","293.09","297.67","291.80","15.79M","1.22%"
"19-07-2022","292.80","293.19","293.79","290.91","9.19M","-0.24%"
"18-07-2022","293.49","293.19","294.49","291.95","11.32M","0.60%"
"15-07-2022","291.75","290.21","292.20","287.73","11.03M","0.93%"
"14-07-2022","289.07","292.50","294.54","287.38","13.41M","-1.09%"
"13-07-2022","292.25","291.21","292.99","290.91","9.28M","0.46%"
"12-07-2022","290.91","291.21","293.54","289.12","14.07M","-0.78%"
"11-07-2022","293.19","291.21","295.13","290.26","12.35M","0.67%"
"08-07-2022","291.26","291.11","292.65","288.62","11.11M","0.38%"
"07-07-2022","290.16","289.22","291.36","286.73","13.79M","0.92%"
"06-07-2022","287.53","284.35","288.22","283.55","18.29M","0.84%"
"05-07-2022","285.14","291.21","291.21","284.00","18.57M","-1.71%"
"04-07-2022","290.11","283.90","291.50","283.06","39.88M","2.66%"
"01-07-2022","282.61","271.83","283.26","269.54","35.17M","3.97%"
"30-06-2022","271.83","272.27","273.02","270.33","19.26M","-0.20%"
"29-06-2022","272.37","267.60","273.32","267.50","16.02M","0.81%"
"28-06-2022","270.18","267.25","270.58","266.91","11.24M","0.70%"
"27-06-2022","268.30","265.36","268.99","264.87","8.17M","1.54%"
"24-06-2022","264.22","264.47","266.71","263.58","7.01M","0.13%"
"23-06-2022","263.87","263.87","265.61","260.79","9.07M","0.08%"
"22-06-2022","263.68","265.36","268.64","263.28","11.32M","-1.70%"
"21-06-2022","268.25","263.38","269.19","262.48","13.88M","2.20%"
"20-06-2022","262.48","261.69","264.52","259.75","17.08M","0.30%"
"17-06-2022","261.69","257.41","262.53","256.97","16.65M","1.00%"
"16-06-2022","259.10","265.36","266.26","257.91","14.29M","-1.02%"
"15-06-2022","261.79","264.37","265.66","261.44","5.06M","-0.77%"
"14-06-2022","263.83","261.59","265.81","261.44","7.42M","0.30%"
"13-06-2022","263.03","264.77","267.45","261.39","11.09M","-2.04%"
"10-06-2022","268.50","267.40","269.34","267.10","8.37M","-0.26%"
"09-06-2022","269.19","266.16","270.04","264.12","9.86M","1.10%"
"08-06-2022","266.26","272.27","272.72","264.57","14.36M","-2.19%"
"07-06-2022","272.22","271.53","273.32","270.58","10.83M","-0.33%"
"06-06-2022","273.12","270.73","274.11","268.05","10.93M","0.77%"
"03-06-2022","271.03","273.32","274.01","269.94","12.49M","-0.29%"
"02-06-2022","271.83","269.04","272.77","266.21","14.24M","0.61%"
"01-06-2022","270.18","268.99","272.42","268.55","14.70M","0.44%"
"31-05-2022","268.99","267.40","272.82","264.77","23.21M","0.59%"
"30-05-2022","267.40","268.84","269.34","265.96","11.82M","-0.06%"
"27-05-2022","267.55","267.35","269.04","263.43","13.47M","0.94%"
"26-05-2022","265.07","266.61","266.61","262.23","18.42M","-2.20%"
"25-05-2022","271.03","271.28","272.22","268.84","15.29M","0.68%"
"24-05-2022","269.19","273.32","273.32","268.35","15.55M","-1.33%"
"23-05-2022","272.82","278.29","278.73","271.38","21.70M","-1.96%"
"20-05-2022","278.29","275.30","280.62","275.30","32.37M","1.58%"
"19-05-2022","273.96","260.99","277.54","260.99","78.29M","2.68%"
"18-05-2022","266.80","266.00","267.80","263.15","20.20M","0.79%"
"17-05-2022","264.70","255.00","265.50","254.80","17.80M","4.17%"
"16-05-2022","254.10","259.95","259.95","253.00","8.19M","-1.74%"
"13-05-2022","258.60","254.95","260.85","254.50","11.92M","2.88%"
"12-05-2022","251.35","253.44","254.83","247.62","20.04M","-1.08%"
"11-05-2022","254.09","257.41","260.60","250.21","17.34M","-2.18%"
"10-05-2022","259.75","262.00","266.80","259.10","18.03M","-0.61%"
"09-05-2022","261.34","264.52","264.52","258.95","21.40M","-1.99%"
"06-05-2022","266.65","259.00","267.35","258.90","34.49M","1.76%"
"05-05-2022","262.05","262.00","265.20","260.40","17.93M","0.89%"
"04-05-2022","259.75","264.00","266.05","258.60","25.95M","-1.29%"
"02-05-2022","263.15","258.00","264.50","257.05","18.97M","1.39%"
"29-04-2022","259.55","263.00","263.00","258.50","20.42M","-0.59%"
"28-04-2022","261.10","259.50","263.70","258.15","27.92M","1.40%"
"27-04-2022","257.50","256.20","258.50","255.75","16.58M","-0.56%"
"26-04-2022","258.95","256.60","260.70","256.25","20.54M","1.45%"
"25-04-2022","255.25","258.80","259.00","252.50","24.21M","-2.24%"
"22-04-2022","261.10","260.00","263.00","258.55","15.67M","0.27%"
"21-04-2022","260.40","259.70","264.45","259.60","23.41M","0.33%"
"20-04-2022","259.55","262.90","265.45","257.55","24.51M","-0.76%"
"19-04-2022","261.55","272.00","272.50","258.80","23.38M","-2.57%"
"18-04-2022","268.45","266.36","270.83","265.61","24.40M","-0.41%"
"13-04-2022","269.55","265.30","270.60","263.65","21.41M","2.42%"
"12-04-2022","263.18","265.27","267.01","261.49","23.55M","-1.62%"
"11-04-2022","267.50","268.75","273.15","266.00","46.15M","0.50%"
"08-04-2022","266.16","256.42","267.20","254.43","37.83M","3.71%"
"07-04-2022","256.65","258.00","262.20","255.80","16.06M","-1.14%"
"06-04-2022","259.60","257.50","263.35","257.30","19.60M","0.06%"
"05-04-2022","259.45","256.05","261.85","255.10","27.18M","1.57%"
"04-04-2022","255.45","253.10","257.90","251.10","15.91M","0.85%"
"01-04-2022","253.30","250.00","255.35","248.80","14.31M","1.06%"
"31-03-2022","250.65","249.60","254.35","249.50","25.66M","0.58%"
"30-03-2022","249.20","255.10","256.40","248.65","17.60M","-2.12%"
"29-03-2022","254.60","257.05","257.50","253.75","18.12M","-0.95%"
"28-03-2022","257.05","254.00","258.00","252.55","24.92M","1.46%"
"25-03-2022","253.35","255.30","255.75","249.25","29.28M","-0.59%"
"24-03-2022","254.85","251.95","256.50","251.45","38.24M","1.13%"
"23-03-2022","252.00","251.45","253.70","248.50","40.49M","0.90%"
"22-03-2022","249.75","244.55","250.75","243.55","36.95M","2.15%"
"21-03-2022","244.50","245.90","247.75","243.80","27.98M","-0.16%"
"17-03-2022","244.90","245.25","245.40","242.70","34.22M","0.95%"
"16-03-2022","242.60","240.00","243.00","239.10","21.63M","2.00%"
"15-03-2022","237.85","239.00","241.40","235.90","33.00M","-0.48%"
"14-03-2022","239.00","236.25","239.45","235.30","35.11M","1.12%"
"11-03-2022","236.35","231.90","237.10","230.15","41.70M","1.88%"
"10-03-2022","232.00","231.00","232.50","227.85","36.13M","1.20%"
"09-03-2022","229.25","227.70","231.40","226.10","42.29M","1.04%"
"08-03-2022","226.90","223.90","228.45","223.75","36.04M","0.87%"
"07-03-2022","224.95","222.00","227.00","220.10","45.26M","-0.24%"
"04-03-2022","225.50","217.70","227.40","217.00","66.84M","2.78%"
"03-03-2022","219.40","216.05","220.20","216.00","28.53M","1.90%"
"02-03-2022","215.30","214.40","216.60","212.45","19.30M","-0.25%"
"28-02-2022","215.85","213.20","216.45","210.80","20.03M","0.89%"
"25-02-2022","213.95","211.50","216.50","210.55","23.63M","2.61%"
"24-02-2022","208.50","210.00","213.30","207.00","41.34M","-3.45%"
"23-02-2022","215.95","216.80","217.50","215.05","11.01M","0.51%"
"22-02-2022","214.85","215.00","216.90","213.00","25.75M","-1.44%"
"21-02-2022","218.00","220.30","221.30","217.15","16.13M","-1.76%"
"18-02-2022","221.90","222.65","223.45","221.50","8.67M","-0.34%"
"17-02-2022","222.65","223.05","224.35","220.85","14.02M","-0.04%"
"16-02-2022","222.75","223.80","224.70","221.85","11.23M","-0.11%"
"15-02-2022","223.00","221.00","223.50","218.55","12.88M","1.62%"
"14-02-2022","219.45","226.00","226.00","218.50","22.75M","-5.59%"
"11-02-2022","232.45","232.00","233.30","229.80","18.10M","0.09%"
"10-02-2022","232.25","228.70","233.40","227.75","19.56M","0.91%"
"09-02-2022","230.15","232.30","233.00","228.75","11.89M","-0.48%"
"08-02-2022","231.25","230.30","232.30","229.05","16.20M","0.46%"
"07-02-2022","230.20","234.00","234.75","228.50","24.17M","-1.75%"
"04-02-2022","234.30","237.25","238.50","231.55","56.71M","-0.06%"
"03-02-2022","234.45","232.15","235.20","231.80","27.85M","0.99%"
"02-02-2022","232.15","230.00","233.30","229.00","41.13M","1.93%"
"01-02-2022","227.75","221.00","228.80","219.15","43.21M","3.43%"
"31-01-2022","220.20","218.50","220.75","217.10","15.04M","1.19%"
"28-01-2022","217.60","215.10","219.25","215.10","15.28M","1.40%"
"27-01-2022","214.60","211.25","215.50","211.10","23.15M","0.14%"
"25-01-2022","214.30","212.00","214.70","209.55","18.32M","1.18%"
"24-01-2022","211.80","217.05","217.75","210.90","17.35M","-2.42%"
"21-01-2022","217.05","218.50","220.50","216.00","16.59M","-0.78%"
"20-01-2022","218.75","220.55","222.15","218.00","17.33M","-0.73%"
"19-01-2022","220.35","220.75","222.40","218.70","11.47M","-0.18%"
"18-01-2022","220.75","224.60","227.30","220.30","14.39M","-1.71%"
"17-01-2022","224.60","222.60","225.60","221.35","12.32M","0.90%"
"14-01-2022","222.60","223.95","224.80","222.30","10.57M","-0.60%"
"13-01-2022","223.95","223.90","225.80","222.75","11.50M","0.54%"
"12-01-2022","222.75","222.50","223.65","221.60","13.16M","0.36%"
"11-01-2022","221.95","223.35","224.25","221.20","8.02M","-0.60%"
"10-01-2022","223.30","219.90","224.70","218.90","15.84M","2.24%"
"07-01-2022","218.40","219.80","220.65","217.50","8.86M","-0.14%"
"06-01-2022","218.70","219.00","220.40","218.20","8.95M","-0.84%"
"05-01-2022","220.55","219.65","221.50","218.65","11.23M","0.14%"
"04-01-2022","220.25","219.50","221.70","219.05","9.05M","0.52%"
"03-01-2022","219.10","218.05","219.85","217.05","7.77M","0.48%"
"31-12-2021","218.05","216.90","218.80","216.15","7.58M","0.95%"
"30-12-2021","216.00","216.60","217.90","215.50","9.74M","-0.35%"
"29-12-2021","216.75","220.00","220.30","216.30","11.48M","-1.50%"
"28-12-2021","220.05","218.00","220.60","218.00","11.57M","1.15%"
"27-12-2021","217.55","218.40","218.45","215.65","8.15M","-0.21%"
"24-12-2021","218.00","218.00","220.45","216.45","16.58M","0.32%"
"23-12-2021","217.30","213.90","218.45","213.20","22.21M","2.50%"
"22-12-2021","212.00","214.00","214.20","211.10","17.24M","-0.24%"
"21-12-2021","212.50","214.00","215.45","211.05","19.40M","0.05%"
"20-12-2021","212.40","216.25","216.25","209.80","37.34M","-2.55%"
"17-12-2021","217.95","222.80","222.85","216.75","29.68M","-2.22%"
"16-12-2021","222.90","226.00","226.15","220.80","24.20M","-0.51%"
"15-12-2021","224.05","230.00","232.20","223.40","34.65M","-1.99%"
"14-12-2021","228.60","235.00","237.10","227.55","37.51M","-2.56%"
"13-12-2021","234.60","238.00","238.75","234.15","22.05M","-0.64%"
"10-12-2021","236.10","236.20","238.95","233.75","35.16M","0.30%"
"09-12-2021","235.40","223.00","236.45","223.00","38.24M","4.65%"
"08-12-2021","224.95","221.00","225.65","221.00","9.86M","1.95%"
"07-12-2021","220.65","218.90","221.95","218.10","8.90M","1.26%"
"06-12-2021","217.90","221.65","222.20","217.50","13.14M","-1.69%"
"03-12-2021","221.65","225.00","226.20","221.35","13.79M","-1.69%"
"02-12-2021","225.45","221.90","226.15","221.30","15.90M","1.60%"
"01-12-2021","221.90","222.00","223.30","220.60","13.00M","0.34%"
"30-11-2021","221.15","222.00","225.20","220.00","23.50M","-0.16%"
"29-11-2021","221.50","222.00","223.65","220.20","22.13M","-1.12%"
"26-11-2021","224.00","228.90","230.05","223.10","27.03M","-3.16%"
"25-11-2021","231.30","227.00","232.20","225.75","23.90M","1.58%"
"24-11-2021","227.70","232.45","232.70","226.95","14.14M","-1.68%"
"23-11-2021","231.60","229.15","232.70","229.15","13.43M","0.30%"
"22-11-2021","230.90","237.90","240.75","229.55","22.57M","-2.78%"
"18-11-2021","237.50","240.00","243.00","236.30","20.23M","-0.84%"
"17-11-2021","239.50","236.00","245.25","235.65","46.70M","1.72%"
"16-11-2021","235.45","239.05","239.65","235.00","14.68M","-1.11%"
"15-11-2021","238.10","233.95","239.00","233.10","38.76M","2.23%"
"12-11-2021","232.90","231.20","233.95","229.15","11.86M","1.26%"
"11-11-2021","230.00","230.40","231.50","228.55","8.13M","-0.37%"
"10-11-2021","230.85","227.45","232.85","227.20","13.43M","0.92%"
"09-11-2021","228.75","229.85","230.90","227.85","11.52M","-0.46%"
"08-11-2021","229.80","229.70","230.70","225.70","20.27M","1.43%"
"04-11-2021","226.55","224.85","227.30","224.00","7.02M","1.84%"
"03-11-2021","222.45","226.00","226.85","221.70","17.84M","-1.40%"
"02-11-2021","225.60","228.00","229.25","224.50","14.34M","-0.55%"
"01-11-2021","226.85","224.15","227.55","222.50","23.20M","1.64%"
"29-10-2021","223.20","225.00","228.25","222.30","26.64M","-0.84%"
"28-10-2021","225.10","235.10","235.95","224.15","46.28M","-5.60%"
"27-10-2021","238.45","240.25","241.30","236.20","25.91M","0.74%"
"26-10-2021","236.70","234.10","239.00","232.60","18.93M","1.41%"
"25-10-2021","233.40","234.10","236.65","230.50","22.33M","-1.35%"
"22-10-2021","236.60","244.70","245.80","233.70","35.54M","-3.31%"
"21-10-2021","244.70","248.00","248.35","243.10","22.52M","-0.77%"
"20-10-2021","246.60","245.95","248.50","242.35","47.82M","0.26%"
"19-10-2021","245.95","261.40","262.55","245.05","59.06M","-6.32%"
"18-10-2021","262.55","261.00","265.30","257.35","60.29M","2.34%"
"14-10-2021","256.55","253.25","261.85","250.35","85.41M","2.95%"
"13-10-2021","249.20","242.55","250.90","240.15","50.16M","3.27%"
"12-10-2021","241.30","238.60","243.00","238.00","29.22M","1.37%"
"11-10-2021","238.05","232.00","239.50","231.70","21.18M","2.74%"
"08-10-2021","231.70","234.75","234.80","231.20","9.74M","-0.54%"
"07-10-2021","232.95","233.00","234.95","232.30","10.37M","0.74%"
"06-10-2021","231.25","234.80","236.40","230.60","17.51M","-1.47%"
"05-10-2021","234.70","236.40","237.45","234.50","9.22M","-0.80%"
"04-10-2021","236.60","236.00","238.35","235.40","10.69M","0.53%"
"01-10-2021","235.35","235.20","237.00","232.90","15.96M","-0.34%"
"30-09-2021","236.15","239.90","240.40","235.25","16.36M","-0.82%"
"29-09-2021","238.10","236.00","241.40","235.70","15.45M","0.15%"
"28-09-2021","237.75","239.85","241.60","236.30","15.71M","-0.40%"
"27-09-2021","238.70","239.80","241.85","235.50","22.89M","0.10%"
"24-09-2021","238.45","244.00","244.00","237.70","24.82M","-1.67%"
"23-09-2021","242.50","245.00","245.60","241.70","21.79M","-0.41%"
"22-09-2021","243.50","243.50","245.80","240.70","52.62M","0.83%"
"21-09-2021","241.50","234.95","242.45","231.70","56.67M","3.32%"
"20-09-2021","233.75","231.00","239.35","230.25","70.39M","1.12%"
"17-09-2021","231.15","233.00","237.30","229.10","79.50M","0.17%"
"16-09-2021","230.75","216.95","233.65","216.30","149.24M","6.83%"
"15-09-2021","216.00","217.10","217.20","215.30","20.25M","-0.05%"
"14-09-2021","216.10","214.90","217.25","214.20","19.62M","0.91%"
"13-09-2021","214.15","213.35","215.15","211.80","16.04M","0.71%"
"09-09-2021","212.65","211.05","213.90","210.55","19.05M","0.66%"
"08-09-2021","211.25","212.25","213.00","209.70","17.23M","-0.24%"
"07-09-2021","211.75","210.90","214.35","210.15","37.49M","1.17%"
"06-09-2021","209.30","211.00","211.20","209.05","10.63M","-0.62%"
"03-09-2021","210.60","209.75","211.25","209.75","10.23M","0.41%"
"02-09-2021","209.75","209.00","211.50","209.00","14.32M","0.12%"
"01-09-2021","209.50","211.00","212.30","209.30","16.24M","-0.85%"
"31-08-2021","211.30","208.05","211.60","207.25","25.81M","1.59%"
"30-08-2021","208.00","206.00","208.20","206.00","12.08M","1.02%"
"27-08-2021","205.90","205.00","206.85","204.90","10.48M","0.64%"
"26-08-2021","204.60","206.40","206.85","204.35","14.84M","-0.87%"
"25-08-2021","206.40","206.40","207.90","206.00","10.59M","0.32%"
"24-08-2021","205.75","207.00","207.00","204.70","12.49M","-0.27%"
"23-08-2021","206.30","209.50","210.20","206.00","9.94M","-1.24%"
"20-08-2021","208.90","207.00","210.70","206.70","19.42M","-0.02%"
"18-08-2021","208.95","209.60","211.50","208.35","10.74M","-0.12%"
"17-08-2021","209.20","210.80","211.50","208.80","7.86M","-0.81%"
"16-08-2021","210.90","211.40","213.25","210.50","11.19M","-0.26%"
"13-08-2021","211.45","209.85","212.30","209.20","18.85M","1.22%"
"12-08-2021","208.90","210.25","214.20","208.35","27.69M","0.12%"
"11-08-2021","208.65","209.85","210.60","207.45","15.42M","-0.57%"
"10-08-2021","209.85","214.00","214.45","208.55","18.16M","-1.85%"
"09-08-2021","213.80","215.00","217.15","212.70","20.36M","-0.21%"
"06-08-2021","214.25","215.40","216.00","212.60","23.58M","-0.46%"
"05-08-2021","215.25","208.60","216.75","206.90","47.18M","3.19%"
"04-08-2021","208.60","210.90","211.10","208.10","11.00M","-0.62%"
"03-08-2021","209.90","207.50","210.90","206.45","18.47M","1.25%"
"02-08-2021","207.30","206.45","207.50","205.45","9.67M","1.15%"
"30-07-2021","204.95","206.10","207.10","204.60","14.94M","-0.53%"
"29-07-2021","206.05","209.10","210.20","205.65","15.60M","-1.46%"
"28-07-2021","209.10","208.30","210.00","207.45","14.74M","0.22%"
"27-07-2021","208.65","212.00","213.00","207.95","24.44M","-1.18%"
"26-07-2021","211.15","214.00","215.35","210.80","47.26M","-0.59%"
"23-07-2021","212.40","207.00","213.60","206.50","44.53M","2.61%"
"22-07-2021","207.00","207.00","208.25","205.85","18.31M","0.10%"
"20-07-2021","206.80","208.20","209.30","206.40","23.66M","-0.46%"
"19-07-2021","207.75","206.80","209.50","206.35","16.46M","-0.07%"
"16-07-2021","207.90","207.70","209.65","207.20","29.02M","0.80%"
"15-07-2021","206.25","204.40","208.50","202.90","28.85M","1.05%"
"14-07-2021","204.10","201.85","205.15","201.70","20.48M","1.11%"
"13-07-2021","201.85","202.00","202.20","201.35","10.83M","0.37%"
"12-07-2021","201.10","202.00","202.55","200.95","13.09M","-0.12%"
"09-07-2021","201.35","202.00","202.35","200.90","11.83M","-0.32%"
"08-07-2021","202.00","203.50","204.50","201.80","20.93M","-0.86%"
"07-07-2021","203.75","202.50","205.20","202.30","17.88M","0.62%"
"06-07-2021","202.50","203.25","203.80","202.25","11.09M","-0.56%"
"05-07-2021","203.65","203.00","204.10","202.70","10.25M","0.62%"
"02-07-2021","202.40","203.30","203.70","202.25","12.70M","-0.30%"
"01-07-2021","203.00","202.90","203.80","202.15","10.19M","0.15%"
"30-06-2021","202.70","204.30","204.40","202.55","15.94M","-0.30%"
"29-06-2021","203.30","203.60","205.30","203.15","13.33M","-0.15%"
"28-06-2021","203.60","205.90","205.90","203.35","14.63M","-0.71%"
"25-06-2021","205.05","204.00","205.60","203.75","13.88M","0.89%"
"24-06-2021","203.25","204.45","204.65","202.55","22.44M","-0.34%"
"23-06-2021","203.95","205.65","205.85","203.60","12.58M","-0.56%"
"22-06-2021","205.10","206.10","206.25","204.35","18.04M","0.32%"
"21-06-2021","204.45","203.10","206.00","202.40","19.07M","-0.05%"
"18-06-2021","204.55","206.00","206.45","202.50","23.57M","-0.53%"
"17-06-2021","205.65","206.95","208.00","205.00","21.48M","-1.06%"
"16-06-2021","207.85","207.05","209.35","207.05","20.10M","0.39%"
"15-06-2021","207.05","207.55","208.40","207.00","14.85M","-0.12%"
"14-06-2021","207.30","207.95","208.45","205.20","17.68M","-0.29%"
"11-06-2021","207.90","210.30","210.45","207.75","21.42M","-0.67%"
"10-06-2021","209.30","208.70","211.40","207.50","30.72M","-1.51%"
"09-06-2021","212.50","214.00","214.75","211.50","24.89M","-0.54%"
"08-06-2021","213.65","212.20","214.25","211.20","21.26M","1.04%"
"07-06-2021","211.45","210.40","212.40","210.20","31.43M","1.29%"
"04-06-2021","208.75","209.50","209.70","208.00","30.13M","-0.14%"
"03-06-2021","209.05","210.75","210.75","208.70","46.66M","0.02%"
"02-06-2021","209.00","210.50","212.45","208.60","96.65M","-2.90%"
"01-06-2021","215.25","218.00","219.40","214.25","38.76M","-0.62%"
"31-05-2021","216.60","215.00","217.90","214.40","73.04M","1.74%"
"28-05-2021","212.90","212.50","213.50","211.55","25.60M","0.83%"
"27-05-2021","211.15","211.00","214.15","210.30","47.55M","0.26%"
"26-05-2021","210.60","211.80","212.45","210.30","17.58M","-0.14%"
"25-05-2021","210.90","213.00","213.40","210.25","25.33M","-0.28%"
"24-05-2021","211.50","209.50","212.05","207.75","28.87M","1.17%"
"21-05-2021","209.05","207.60","209.85","207.40","22.64M","0.99%"
"20-05-2021","207.00","208.45","209.30","206.80","20.88M","-0.36%"
"19-05-2021","207.75","210.05","211.40","207.55","24.41M","-1.09%"
"18-05-2021","210.05","214.10","214.60","209.65","30.48M","-1.20%"
"17-05-2021","212.60","216.80","217.00","211.65","38.00M","0.16%"
"14-05-2021","212.25","205.00","213.20","204.00","61.65M","4.43%"
"12-05-2021","203.25","203.90","205.25","202.85","16.54M","-0.37%"
"11-05-2021","204.00","203.90","206.50","203.75","13.75M","-0.75%"
"10-05-2021","205.55","207.15","207.45","205.00","16.30M","0.10%"
"07-05-2021","205.35","202.95","206.45","202.95","19.46M","1.28%"
"06-05-2021","202.75","202.30","205.95","202.10","14.32M","0.67%"
"05-05-2021","201.40","201.45","202.00","199.50","13.86M","0.90%"
"04-05-2021","199.60","201.20","202.35","199.10","18.26M","-0.67%"
"03-05-2021","200.95","201.20","201.85","200.00","20.61M","-0.81%"
"30-04-2021","202.60","203.90","205.70","202.00","16.50M","-0.83%"
"29-04-2021","204.30","207.10","207.55","204.05","13.10M","-0.58%"
"28-04-2021","205.50","206.00","206.50","205.30","12.71M","0.05%"
"27-04-2021","205.40","205.30","206.95","205.05","11.44M","0.05%"
"26-04-2021","205.30","205.80","206.75","204.70","19.89M","-0.02%"
"23-04-2021","205.35","204.25","207.00","204.25","19.63M","-0.27%"
"22-04-2021","205.90","202.00","206.30","200.55","23.14M","1.15%"
"20-04-2021","203.55","206.20","207.00","202.50","21.36M","-1.00%"
"19-04-2021","205.60","205.00","206.10","203.75","15.79M","-1.13%"
"16-04-2021","207.95","208.00","209.25","206.50","13.31M","0.60%"
"15-04-2021","206.70","209.00","210.45","206.00","17.53M","-0.96%"
"13-04-2021","208.70","207.00","209.70","206.00","20.25M","1.66%"
"12-04-2021","205.30","210.00","211.00","205.00","34.51M","-3.66%"
"09-04-2021","213.10","213.75","215.95","212.55","16.36M","-0.07%"
"08-04-2021","213.25","214.85","216.10","212.85","14.12M","-0.26%"
"07-04-2021","213.80","212.70","215.20","212.45","15.20M","0.54%"
"06-04-2021","212.65","213.80","214.95","210.15","25.67M","0.05%"
"05-04-2021","212.55","217.60","220.00","210.50","31.38M","-3.41%"
"01-04-2021","220.05","220.00","220.60","217.30","29.06M","0.71%"
"31-03-2021","218.50","214.05","219.30","212.70","36.49M","1.84%"
"30-03-2021","214.55","213.25","215.00","210.40","27.79M","1.73%"
"26-03-2021","210.90","214.25","214.45","210.35","26.08M","-0.33%"
"25-03-2021","211.60","215.15","215.95","209.05","40.68M","-2.01%"
"24-03-2021","215.95","221.00","222.80","215.25","27.61M","-2.81%"
"23-03-2021","222.20","225.00","228.10","221.30","41.56M","-1.68%"
"22-03-2021","226.00","223.30","226.40","221.50","46.05M","1.37%"
"19-03-2021","222.95","219.00","226.15","215.55","134.18M","2.44%"
"18-03-2021","217.65","213.00","219.10","211.90","91.99M","3.35%"
"17-03-2021","210.60","212.20","213.90","208.55","78.58M","1.32%"
"16-03-2021","207.85","206.40","208.90","204.95","48.76M","1.17%"
"15-03-2021","205.45","205.85","206.00","201.60","41.12M","0.12%"
"12-03-2021","205.20","208.00","208.00","203.50","30.79M","-0.63%"
"10-03-2021","206.50","209.10","209.20","205.80","19.60M","-0.63%"
"09-03-2021","207.80","208.70","209.75","204.75","22.59M","-0.10%"
"08-03-2021","208.00","209.70","210.80","207.70","22.99M","-0.26%"
"05-03-2021","208.55","208.00","210.00","207.20","17.32M","-0.55%"
"04-03-2021","209.70","208.80","211.30","207.60","24.90M","-0.12%"
"03-03-2021","209.95","212.00","212.00","208.80","20.85M","0.02%"
"02-03-2021","209.90","207.00","210.80","206.50","25.60M","1.45%"
"01-03-2021","206.90","205.45","207.75","204.05","16.23M","1.50%"
"26-02-2021","203.85","207.25","208.00","203.00","43.43M","-2.53%"
"25-02-2021","209.15","209.50","211.20","208.80","25.95M","0.14%"
"24-02-2021","208.85","209.10","209.80","206.50","13.16M","0.17%"
"23-02-2021","208.50","208.00","210.55","207.00","26.68M","0.70%"
"22-02-2021","207.05","212.00","212.00","206.00","51.55M","-4.12%"
"19-02-2021","215.95","218.85","218.90","214.00","28.13M","-1.33%"
"18-02-2021","218.85","218.20","220.60","217.90","24.07M","0.51%"
"17-02-2021","217.75","217.60","218.40","216.55","19.85M","-0.23%"
"16-02-2021","218.25","219.05","221.80","217.25","29.15M","-0.16%"
"15-02-2021","218.60","218.45","221.00","217.50","31.78M","0.53%"
"12-02-2021","217.45","225.75","225.75","215.80","110.57M","-3.97%"
"11-02-2021","226.45","229.00","229.30","224.50","43.63M","-0.48%"
"10-02-2021","227.55","229.00","231.10","223.10","47.28M","-0.63%"
"09-02-2021","229.00","234.60","239.20","228.20","70.66M","-1.76%"
"08-02-2021","233.10","237.50","238.05","231.50","41.50M","-0.53%"
"05-02-2021","234.35","232.15","238.85","227.25","125.49M","1.91%"
"04-02-2021","229.95","216.10","231.40","216.00","105.82M","6.09%"
"03-02-2021","216.75","221.50","222.00","215.70","53.64M","-0.66%"
"02-02-2021","218.20","220.00","223.50","217.00","48.46M","1.04%"
"01-02-2021","215.95","204.00","217.95","201.80","57.74M","6.25%"
"29-01-2021","203.25","208.55","208.80","202.35","23.76M","-1.62%"
"28-01-2021","206.60","209.25","211.00","205.75","22.13M","-1.92%"
"27-01-2021","210.65","208.00","212.65","207.10","48.47M","1.37%"
"25-01-2021","207.80","212.00","212.50","206.85","24.97M","-1.38%"
"22-01-2021","210.70","214.00","214.75","209.15","24.71M","-1.40%"
"21-01-2021","213.70","219.00","219.50","212.20","29.00M","-1.81%"
"20-01-2021","217.65","218.50","219.00","215.70","44.67M","-0.55%"
"19-01-2021","218.85","221.00","221.70","217.50","31.79M","-0.41%"
"18-01-2021","219.75","218.40","222.00","214.60","67.61M","0.87%"
"15-01-2021","217.85","214.90","218.50","211.20","58.32M","1.73%"
"14-01-2021","214.15","212.00","216.50","211.60","48.30M","1.37%"
"13-01-2021","211.25","207.45","213.00","205.25","63.93M","2.33%"
"12-01-2021","206.45","203.00","206.90","201.60","35.62M","1.95%"
"11-01-2021","202.50","204.00","206.10","201.25","42.97M","0.50%"
"08-01-2021","201.50","204.35","206.00","200.25","56.43M","-0.64%"
"07-01-2021","202.80","206.10","207.60","202.10","34.95M","-1.27%"
"06-01-2021","205.40","211.45","211.50","204.50","49.07M","-2.86%"
"05-01-2021","211.45","212.45","213.25","210.60","18.02M","-0.91%"
"04-01-2021","213.40","214.00","216.00","212.10","26.89M","-0.21%"
"01-01-2021","213.85","209.90","214.20","209.30","19.53M","2.32%"